Workbook

Sheet Nilai Mahasiswa
A1: RPS: Komputasi Awan - SI2514027 | Kelas: A
A2: No | B2: NIM | C2: Nama Mahasiswa | D2: Minggu 1-4 5.00 Kuis praktik hands-on individual di awal pertemuan | E2: Minggu 1-4 5.00 Tugas terstruktur pengembangan dari workshop via GitHub | F2: Minggu 1-4 5.00 Penilaian partisipasi dan kontribusi mingguan via Git log | G2: Minggu 5-7 4.00 Kuis praktik hands-on perbaikan dan penulisan Dockerfile di awal pertemuan | H2: Minggu 5-7 4.00 Tugas terstruktur optimasi Docker image dan konfigurasi Docker Compose via GitHub | I2: Minggu 5-7 4.00 Penilaian kontribusi dan progres mingguan via Git commit log | J2: Minggu 8 6.00 Demo live aplikasi full-stack berjalan via docker compose up | K2: Minggu 8 7.00 Viva individual: mahasiswa menjelaskan dan menjawab pertanyaan tentang kode sendiri | L2: Minggu 8 4.00 Penilaian kualitas kode dan arsitektur aplikasi | M2: Minggu 8 3.00 Dokumentasi README dan diagram arsitektur | N2: Minggu 9-11 3.00 Kuis praktik hands-on Git workflow dan penulisan GitHub Actions YAML di awal pertemuan | O2: Minggu 9-11 3.00 Tugas terstruktur implementasi CI/CD pipeline dengan GitHub Actions badge hijau via GitHub | P2: Minggu 9-11 3.00 Penilaian kontribusi dan progres mingguan via Git commit log dan PR history | Q2: Minggu 12-14 3.00 Kuis praktik hands-on identifikasi service boundaries dan debug inter-service communication | R2: Minggu 12-14 3.00 Tugas terstruktur pembuatan Architecture Decision Record dan implementasi microservices via GitHub | S2: Minggu 12-14 3.00 Penilaian kontribusi dan progres mingguan via Git commit log dan architecture diagram | T2: Minggu 15 4.00 Penilaian security checklist dan penerapan best practices pada repository final | U2: Minggu 15 6.00 Dokumentasi teknis lengkap: README, diagram arsitektur C4, dan reflection paper individual | V2: Minggu 16 6.00 Demo live aplikasi production-ready yang accessible via URL cloud | W2: Minggu 16 7.00 Viva individual: pertanyaan mendalam tentang arsitektur dan kode sendiri | X2: Minggu 16 4.00 Demo CI/CD pipeline end-to-end: push code hingga otomatis deploy | Y2: Minggu 16 8.00 Dokumentasi final dan reflection paper individual | Z2: Total
A3: no | B3: nim | C3: nama_mahasiswa | D3: 14283 | E3: 14285 | F3: 14286 | G3: 14305 | H3: 14307 | I3: 14309 | J3: 14312 | K3: 14313 | L3: 14314 | M3: 14315 | N3: 14316 | O3: 14317 | P3: 14318 | Q3: 14319 | R3: 14320 | S3: 14321 | T3: 14322 | U3: 14323 | V3: 14325 | W3: 14326 | X3: 14329 | Y3: 14330 | Z3: total
A4: 1 | B4: 10211048 | C4: Legi,Raymond Imanuel | Z4: =SUM(D4*5.00/100,E4*5.00/100,F4*5.00/100,G4*4.00/100,H4*4.00/100,I4*4.00/100,J4*6.00/100,K4*7.00/100,L4*4.00/100,M4*3.00/100,N4*3.00/100,O4*3.00/100,P4*3.00/100,Q4*3.00/100,R4*3.00/100,S4*3.00/100,T4*4.00/100,U4*6.00/100,V4*6.00/100,W4*7.00/100,X4*4.00/100,Y4*8.00/100)
A5: 2 | B5: 10231003 | C5: Adam Ibnu ramadhan | J5: 96 | K5: 89 | L5: 92 | M5: 100 | Z5: =SUM(D5*5.00/100,E5*5.00/100,F5*5.00/100,G5*4.00/100,H5*4.00/100,I5*4.00/100,J5*6.00/100,K5*7.00/100,L5*4.00/100,M5*3.00/100,N5*3.00/100,O5*3.00/100,P5*3.00/100,Q5*3.00/100,R5*3.00/100,S5*3.00/100,T5*4.00/100,U5*6.00/100,V5*6.00/100,W5*7.00/100,X5*4.00/100,Y5*8.00/100)
A6: 3 | B6: 10231005 | C6: Adhyasta firdaus | J6: 96 | K6: 86.8 | L6: 92 | M6: 100 | Z6: =SUM(D6*5.00/100,E6*5.00/100,F6*5.00/100,G6*4.00/100,H6*4.00/100,I6*4.00/100,J6*6.00/100,K6*7.00/100,L6*4.00/100,M6*3.00/100,N6*3.00/100,O6*3.00/100,P6*3.00/100,Q6*3.00/100,R6*3.00/100,S6*3.00/100,T6*4.00/100,U6*6.00/100,V6*6.00/100,W6*7.00/100,X6*4.00/100,Y6*8.00/100)
A7: 4 | B7: 10231007 | C7: Adonia Azarya Tamalonggehe | J7: 96 | K7: 88.3 | L7: 92 | M7: 100 | Z7: =SUM(D7*5.00/100,E7*5.00/100,F7*5.00/100,G7*4.00/100,H7*4.00/100,I7*4.00/100,J7*6.00/100,K7*7.00/100,L7*4.00/100,M7*3.00/100,N7*3.00/100,O7*3.00/100,P7*3.00/100,Q7*3.00/100,R7*3.00/100,S7*3.00/100,T7*4.00/100,U7*6.00/100,V7*6.00/100,W7*7.00/100,X7*4.00/100,Y7*8.00/100)
A8: 5 | B8: 10231009 | C8: Alfian Fadillah Putra | J8: 96 | K8: 80.3 | L8: 92 | M8: 100 | Z8: =SUM(D8*5.00/100,E8*5.00/100,F8*5.00/100,G8*4.00/100,H8*4.00/100,I8*4.00/100,J8*6.00/100,K8*7.00/100,L8*4.00/100,M8*3.00/100,N8*3.00/100,O8*3.00/100,P8*3.00/100,Q8*3.00/100,R8*3.00/100,S8*3.00/100,T8*4.00/100,U8*6.00/100,V8*6.00/100,W8*7.00/100,X8*4.00/100,Y8*8.00/100)
A9: 6 | B9: 10231011 | C9: Alsha Dwi Cahya | J9: 92 | K9: 91.6 | L9: 96 | M9: 100 | Z9: =SUM(D9*5.00/100,E9*5.00/100,F9*5.00/100,G9*4.00/100,H9*4.00/100,I9*4.00/100,J9*6.00/100,K9*7.00/100,L9*4.00/100,M9*3.00/100,N9*3.00/100,O9*3.00/100,P9*3.00/100,Q9*3.00/100,R9*3.00/100,S9*3.00/100,T9*4.00/100,U9*6.00/100,V9*6.00/100,W9*7.00/100,X9*4.00/100,Y9*8.00/100)
A10: 7 | B10: 10231013 | C10: Amazia Devid Saputra | J10: 92 | K10: 91.6 | L10: 96 | M10: 100 | Z10: =SUM(D10*5.00/100,E10*5.00/100,F10*5.00/100,G10*4.00/100,H10*4.00/100,I10*4.00/100,J10*6.00/100,K10*7.00/100,L10*4.00/100,M10*3.00/100,N10*3.00/100,O10*3.00/100,P10*3.00/100,Q10*3.00/100,R10*3.00/100,S10*3.00/100,T10*4.00/100,U10*6.00/100,V10*6.00/100,W10*7.00/100,X10*4.00/100,Y10*8.00/100)
A11: 8 | B11: 10231015 | C11: Andini Permata Sari | J11: 92 | K11: 94.1 | L11: 96 | M11: 100 | Z11: =SUM(D11*5.00/100,E11*5.00/100,F11*5.00/100,G11*4.00/100,H11*4.00/100,I11*4.00/100,J11*6.00/100,K11*7.00/100,L11*4.00/100,M11*3.00/100,N11*3.00/100,O11*3.00/100,P11*3.00/100,Q11*3.00/100,R11*3.00/100,S11*3.00/100,T11*4.00/100,U11*6.00/100,V11*6.00/100,W11*7.00/100,X11*4.00/100,Y11*8.00/100)
A12: 9 | B12: 10231017 | C12: Ansellma Tita Pakartiwuri Putri | J12: 92 | K12: 91.6 | L12: 96 | M12: 100 | Z12: =SUM(D12*5.00/100,E12*5.00/100,F12*5.00/100,G12*4.00/100,H12*4.00/100,I12*4.00/100,J12*6.00/100,K12*7.00/100,L12*4.00/100,M12*3.00/100,N12*3.00/100,O12*3.00/100,P12*3.00/100,Q12*3.00/100,R12*3.00/100,S12*3.00/100,T12*4.00/100,U12*6.00/100,V12*6.00/100,W12*7.00/100,X12*4.00/100,Y12*8.00/100)
A13: 10 | B13: 10231021 | C13: AVHILLA CATTON ANDALUCIA | J13: 96 | K13: 97.8 | L13: 96 | M13: 100 | Z13: =SUM(D13*5.00/100,E13*5.00/100,F13*5.00/100,G13*4.00/100,H13*4.00/100,I13*4.00/100,J13*6.00/100,K13*7.00/100,L13*4.00/100,M13*3.00/100,N13*3.00/100,O13*3.00/100,P13*3.00/100,Q13*3.00/100,R13*3.00/100,S13*3.00/100,T13*4.00/100,U13*6.00/100,V13*6.00/100,W13*7.00/100,X13*4.00/100,Y13*8.00/100)
A14: 11 | B14: 10231023 | C14: Betran | J14: 96 | K14: 92.8 | L14: 96 | M14: 100 | Z14: =SUM(D14*5.00/100,E14*5.00/100,F14*5.00/100,G14*4.00/100,H14*4.00/100,I14*4.00/100,J14*6.00/100,K14*7.00/100,L14*4.00/100,M14*3.00/100,N14*3.00/100,O14*3.00/100,P14*3.00/100,Q14*3.00/100,R14*3.00/100,S14*3.00/100,T14*4.00/100,U14*6.00/100,V14*6.00/100,W14*7.00/100,X14*4.00/100,Y14*8.00/100)
A15: 12 | B15: 10231025 | C15: Chelsy Olivia | J15: 96 | K15: 87.8 | L15: 96 | M15: 100 | Z15: =SUM(D15*5.00/100,E15*5.00/100,F15*5.00/100,G15*4.00/100,H15*4.00/100,I15*4.00/100,J15*6.00/100,K15*7.00/100,L15*4.00/100,M15*3.00/100,N15*3.00/100,O15*3.00/100,P15*3.00/100,Q15*3.00/100,R15*3.00/100,S15*3.00/100,T15*4.00/100,U15*6.00/100,V15*6.00/100,W15*7.00/100,X15*4.00/100,Y15*8.00/100)
A16: 13 | B16: 10231029 | C16: Debora Intania Subekti | J16: 96 | K16: 97.8 | L16: 96 | M16: 100 | Z16: =SUM(D16*5.00/100,E16*5.00/100,F16*5.00/100,G16*4.00/100,H16*4.00/100,I16*4.00/100,J16*6.00/100,K16*7.00/100,L16*4.00/100,M16*3.00/100,N16*3.00/100,O16*3.00/100,P16*3.00/100,Q16*3.00/100,R16*3.00/100,S16*3.00/100,T16*4.00/100,U16*6.00/100,V16*6.00/100,W16*7.00/100,X16*4.00/100,Y16*8.00/100)
... A24: 21 | B24: 10231048 | C24: Jonathan Joseph Yudita Tampubolon | J24: 80 | K24: 88.5 | L24: 88 | M24: 100 | Z24: =SUM(D24*5.00/100,E24*5.00/100,F24*5.00/100,G24*4.00/100,H24*4.00/100,I24*4.00/100,J24*6.00/100,K24*7.00/100,L24*4.00/100,M24*3.00/100,N24*3.00/100,O24*3.00/100,P24*3.00/100,Q24*3.00/100,R24*3.00/100,S24*3.00/100,T24*4.00/100,U24*6.00/100,V24*6.00/100,W24*7.00/100,X24*4.00/100,Y24*8.00/100)
A25: 22 | B25: 10231049 | C25: Khanza Nabila Tsabita | E25: 90 | F25: 85 | H25: 93 | I25: 91 | J25: 96 | K25: 85.8 | L25: 96 | M25: 90 | O25: 94 | P25: 88 | Z25: =SUM(D25*5.00/100,E25*5.00/100,F25*5.00/100,G25*4.00/100,H25*4.00/100,I25*4.00/100,J25*6.00/100,K25*7.00/100,L25*4.00/100,M25*3.00/100,N25*3.00/100,O25*3.00/100,P25*3.00/100,Q25*3.00/100,R25*3.00/100,S25*3.00/100,T25*4.00/100,U25*6.00/100,V25*6.00/100,W25*7.00/100,X25*4.00/100,Y25*8.00/100)
A26: 23 | B26: 10231051 | C26: Maulana Malik Ibrahim | E26: 90 | F26: 94 | H26: 93 | I26: 87 | J26: 96 | K26: 95.8 | L26: 96 | M26: 90 | O26: 94 | P26: 86 | Z26: =SUM(D26*5.00/100,E26*5.00/100,F26*5.00/100,G26*4.00/100,H26*4.00/100,I26*4.00/100,J26*6.00/100,K26*7.00/100,L26*4.00/100,M26*3.00/100,N26*3.00/100,O26*3.00/100,P26*3.00/100,Q26*3.00/100,R26*3.00/100,S26*3.00/100,T26*4.00/100,U26*6.00/100,V26*6.00/100,W26*7.00/100,X26*4.00/100,Y26*8.00/100)
A27: 24 | B27: 10231053 | C27: Micka Mayulia Utama | E27: 90 | F27: 83 | H27: 93 | I27: 76 | J27: 96 | K27: 93.3 | L27: 96 | M27: 90 | O27: 94 | P27: 87 | Z27: =SUM(D27*5.00/100,E27*5.00/100,F27*5.00/100,G27*4.00/100,H27*4.00/100,I27*4.00/100,J27*6.00/100,K27*7.00/100,L27*4.00/100,M27*3.00/100,N27*3.00/100,O27*3.00/100,P27*3.00/100,Q27*3.00/100,R27*3.00/100,S27*3.00/100,T27*4.00/100,U27*6.00/100,V27*6.00/100,W27*7.00/100,X27*4.00/100,Y27*8.00/100)
A28: 25 | B28: 10231057 | C28: Muhammad Aqila Ardhi | E28: 90 | F28: 74 | H28: 93 | I28: 83 | J28: 96 | K28: 88.3 | L28: 96 | M28: 90 | O28: 94 | P28: 87 | Z28: =SUM(D28*5.00/100,E28*5.00/100,F28*5.00/100,G28*4.00/100,H28*4.00/100,I28*4.00/100,J28*6.00/100,K28*7.00/100,L28*4.00/100,M28*3.00/100,N28*3.00/100,O28*3.00/100,P28*3.00/100,Q28*3.00/100,R28*3.00/100,S28*3.00/100,T28*4.00/100,U28*6.00/100,V28*6.00/100,W28*7.00/100,X28*4.00/100,Y28*8.00/100)
A29: 26 | B29: 10231059 | C29: Muhammad Athala Romero | J29: 100 | K29: 99 | L29: 96 | M29: 100 | Z29: =SUM(D29*5.00/100,E29*5.00/100,F29*5.00/100,G29*4.00/100,H29*4.00/100,I29*4.00/100,J29*6.00/100,K29*7.00/100,L29*4.00/100,M29*3.00/100,N29*3.00/100,O29*3.00/100,P29*3.00/100,Q29*3.00/100,R29*3.00/100,S29*3.00/100,T29*4.00/100,U29*6.00/100,V29*6.00/100,W29*7.00/100,X29*4.00/100,Y29*8.00/100)
A30: 27 | B30: 10231061 | C30: Muhammad Bagas Setiawan | J30: 100 | K30: 90 | L30: 96 | M30: 100 | Z30: =SUM(D30*5.00/100,E30*5.00/100,F30*5.00/100,G30*4.00/100,H30*4.00/100,I30*4.00/100,J30*6.00/100,K30*7.00/100,L30*4.00/100,M30*3.00/100,N30*3.00/100,O30*3.00/100,P30*3.00/100,Q30*3.00/100,R30*3.00/100,S30*3.00/100,T30*4.00/100,U30*6.00/100,V30*6.00/100,W30*7.00/100,X30*4.00/100,Y30*8.00/100)
A31: 28 | B31: 10231063 | C31: Muhammad Fikri Haikal Ariadma | J31: 100 | K31: 99 | L31: 96 | M31: 100 | Z31: =SUM(D31*5.00/100,E31*5.00/100,F31*5.00/100,G31*4.00/100,H31*4.00/100,I31*4.00/100,J31*6.00/100,K31*7.00/100,L31*4.00/100,M31*3.00/100,N31*3.00/100,O31*3.00/100,P31*3.00/100,Q31*3.00/100,R31*3.00/100,S31*3.00/100,T31*4.00/100,U31*6.00/100,V31*6.00/100,W31*7.00/100,X31*4.00/100,Y31*8.00/100)
A32: 29 | B32: 10231067 | C32: Nanda Aulia Putri | J32: 100 | K32: 97.5 | L32: 96 | M32: 100 | Z32: =SUM(D32*5.00/100,E32*5.00/100,F32*5.00/100,G32*4.00/100,H32*4.00/100,I32*4.00/100,J32*6.00/100,K32*7.00/100,L32*4.00/100,M32*3.00/100,N32*3.00/100,O32*3.00/100,P32*3.00/100,Q32*3.00/100,R32*3.00/100,S32*3.00/100,T32*4.00/100,U32*6.00/100,V32*6.00/100,W32*7.00/100,X32*4.00/100,Y32*8.00/100)
A33: 30 | B33: 10231069 | C33: Nicholas Christian Samuel Manurung | J33: 96 | K33: 94.3 | L33: 92 | M33: 100 | Z33: =SUM(D33*5.00/100,E33*5.00/100,F33*5.00/100,G33*4.00/100,H33*4.00/100,I33*4.00/100,J33*6.00/100,K33*7.00/100,L33*4.00/100,M33*3.00/100,N33*3.00/100,O33*3.00/100,P33*3.00/100,Q33*3.00/100,R33*3.00/100,S33*3.00/100,T33*4.00/100,U33*6.00/100,V33*6.00/100,W33*7.00/100,X33*4.00/100,Y33*8.00/100)
A34: 31 | B34: 10231073 | C34: Pangeran Borneo Silaen | J34: 96 | K34: 96.8 | L34: 92 | M34: 100 | Z34: =SUM(D34*5.00/100,E34*5.00/100,F34*5.00/100,G34*4.00/100,H34*4.00/100,I34*4.00/100,J34*6.00/100,K34*7.00/100,L34*4.00/100,M34*3.00/100,N34*3.00/100,O34*3.00/100,P34*3.00/100,Q34*3.00/100,R34*3.00/100,S34*3.00/100,T34*4.00/100,U34*6.00/100,V34*6.00/100,W34*7.00/100,X34*4.00/100,Y34*8.00/100)
A35: 32 | B35: 10231077 | C35: Raisha Alika Irwandira | J35: 96 | K35: 94.3 | L35: 92 | M35: 100 | Z35: =SUM(D35*5.00/100,E35*5.00/100,F35*5.00/100,G35*4.00/100,H35*4.00/100,I35*4.00/100,J35*6.00/100,K35*7.00/100,L35*4.00/100,M35*3.00/100,N35*3.00/100,O35*3.00/100,P35*3.00/100,Q35*3.00/100,R35*3.00/100,S35*3.00/100,T35*4.00/100,U35*6.00/100,V35*6.00/100,W35*7.00/100,X35*4.00/100,Y35*8.00/100)
A36: 33 | B36: 10231079 | C36: Rani Ayu Dewi | J36: 96 | K36: 96.8 | L36: 92 | M36: 100 | Z36: =SUM(D36*5.00/100,E36*5.00/100,F36*5.00/100,G36*4.00/100,H36*4.00/100,I36*4.00/100,J36*6.00/100,K36*7.00/100,L36*4.00/100,M36*3.00/100,N36*3.00/100,O36*3.00/100,P36*3.00/100,Q36*3.00/100,R36*3.00/100,S36*3.00/100,T36*4.00/100,U36*6.00/100,V36*6.00/100,W36*7.00/100,X36*4.00/100,Y36*8.00/100)
A37: 34 | B37: 10231081 | C37: Rendy Rifandi Kurnia | J37: 96 | K37: 90.8 | L37: 92 | M37: 95 | Z37: =SUM(D37*5.00/100,E37*5.00/100,F37*5.00/100,G37*4.00/100,H37*4.00/100,I37*4.00/100,J37*6.00/100,K37*7.00/100,L37*4.00/100,M37*3.00/100,N37*3.00/100,O37*3.00/100,P37*3.00/100,Q37*3.00/100,R37*3.00/100,S37*3.00/100,T37*4.00/100,U37*6.00/100,V37*6.00/100,W37*7.00/100,X37*4.00/100,Y37*8.00/100)
A38: 35 | B38: 10231083 | C38: Riska Fadlun Khairiyah Purba | J38: 96 | K38: 88.3 | L38: 92 | M38: 95 | Z38: =SUM(D38*5.00/100,E38*5.00/100,F38*5.00/100,G38*4.00/100,H38*4.00/100,I38*4.00/100,J38*6.00/100,K38*7.00/100,L38*4.00/100,M38*3.00/100,N38*3.00/100,O38*3.00/100,P38*3.00/100,Q38*3.00/100,R38*3.00/100,S38*3.00/100,T38*4.00/100,U38*6.00/100,V38*6.00/100,W38*7.00/100,X38*4.00/100,Y38*8.00/100)
A39: 36 | B39: 10231085 | C39: RIZKI ABDUL AZIZ | J39: 96 | K39: 93.3 | L39: 92 | M39: 95 | Z39: =SUM(D39*5.00/100,E39*5.00/100,F39*5.00/100,G39*4.00/100,H39*4.00/100,I39*4.00/100,J39*6.00/100,K39*7.00/100,L39*4.00/100,M39*3.00/100,N39*3.00/100,O39*3.00/100,P39*3.00/100,Q39*3.00/100,R39*3.00/100,S39*3.00/100,T39*4.00/100,U39*6.00/100,V39*6.00/100,W39*7.00/100,X39*4.00/100,Y39*8.00/100)
A40: 37 | B40: 10231087 | C40: Siti Nur Azizah Putri Awni | J40: 96 | K40: 95.8 | L40: 92 | M40: 95 | Z40: =SUM(D40*5.00/100,E40*5.00/100,F40*5.00/100,G40*4.00/100,H40*4.00/100,I40*4.00/100,J40*6.00/100,K40*7.00/100,L40*4.00/100,M40*3.00/100,N40*3.00/100,O40*3.00/100,P40*3.00/100,Q40*3.00/100,R40*3.00/100,S40*3.00/100,T40*4.00/100,U40*6.00/100,V40*6.00/100,W40*7.00/100,X40*4.00/100,Y40*8.00/100)
... A43: 40 | B43: 10231091 | C43: Yosan Pratiwi | J43: 96 | K43: 87.8 | L43: 96 | M43: 100 | Z43: =SUM(D43*5.00/100,E43*5.00/100,F43*5.00/100,G43*4.00/100,H43*4.00/100,I43*4.00/100,J43*6.00/100,K43*7.00/100,L43*4.00/100,M43*3.00/100,N43*3.00/100,O43*3.00/100,P43*3.00/100,Q43*3.00/100,R43*3.00/100,S43*3.00/100,T43*4.00/100,U43*6.00/100,V43*6.00/100,W43*7.00/100,X43*4.00/100,Y43*8.00/100)

Sheet Bentuk Penilaian
A1: RPS: Komputasi Awan - SI2514027 | Kelas: A
A2: No | B2: NIM | C2: Nama Mahasiswa | D2: Ujian Praktik (15%) | E2: Proyek (35%) | F2: Performa (15%) | G2: Portofolio (35%) | H2: Total
A3: no | B3: nim | C3: nama_mahasiswa | D3: 15 | E3: 35 | F3: 15 | G3: 35 | H3: total
A4: 1 | B4: 10211048 | C4: Legi,Raymond Imanuel | D4: =SUM('Nilai Mahasiswa'!D4*5.00/100,'Nilai Mahasiswa'!G4*4.00/100,'Nilai Mahasiswa'!N4*3.00/100,'Nilai Mahasiswa'!Q4*3.00/100) | E4: =SUM('Nilai Mahasiswa'!E4*5.00/100,'Nilai Mahasiswa'!H4*4.00/100,'Nilai Mahasiswa'!J4*6.00/100,'Nilai Mahasiswa'!O4*3.00/100,'Nilai Mahasiswa'!R4*3.00/100,'Nilai Mahasiswa'!T4*4.00/100,'Nilai Mahasiswa'!V4*6.00/100,'Nilai Mahasiswa'!X4*4.00/100) | F4: =SUM('Nilai Mahasiswa'!F4*5.00/100,'Nilai Mahasiswa'!I4*4.00/100,'Nilai Mahasiswa'!P4*3.00/100,'Nilai Mahasiswa'!S4*3.00/100) | G4: =SUM('Nilai Mahasiswa'!K4*7.00/100,'Nilai Mahasiswa'!L4*4.00/100,'Nilai Mahasiswa'!M4*3.00/100,'Nilai Mahasiswa'!U4*6.00/100,'Nilai Mahasiswa'!W4*7.00/100,'Nilai Mahasiswa'!Y4*8.00/100) | H4: =SUM(D4:G4)
A5: 2 | B5: 10231003 | C5: Adam Ibnu ramadhan | D5: =SUM('Nilai Mahasiswa'!D5*5.00/100,'Nilai Mahasiswa'!G5*4.00/100,'Nilai Mahasiswa'!N5*3.00/100,'Nilai Mahasiswa'!Q5*3.00/100) | E5: =SUM('Nilai Mahasiswa'!E5*5.00/100,'Nilai Mahasiswa'!H5*4.00/100,'Nilai Mahasiswa'!J5*6.00/100,'Nilai Mahasiswa'!O5*3.00/100,'Nilai Mahasiswa'!R5*3.00/100,'Nilai Mahasiswa'!T5*4.00/100,'Nilai Mahasiswa'!V5*6.00/100,'Nilai Mahasiswa'!X5*4.00/100) | F5: =SUM('Nilai Mahasiswa'!F5*5.00/100,'Nilai Mahasiswa'!I5*4.00/100,'Nilai Mahasiswa'!P5*3.00/100,'Nilai Mahasiswa'!S5*3.00/100) | G5: =SUM('Nilai Mahasiswa'!K5*7.00/100,'Nilai Mahasiswa'!L5*4.00/100,'Nilai Mahasiswa'!M5*3.00/100,'Nilai Mahasiswa'!U5*6.00/100,'Nilai Mahasiswa'!W5*7.00/100,'Nilai Mahasiswa'!Y5*8.00/100) | H5: =SUM(D5:G5)
A6: 3 | B6: 10231005 | C6: Adhyasta firdaus | D6: =SUM('Nilai Mahasiswa'!D6*5.00/100,'Nilai Mahasiswa'!G6*4.00/100,'Nilai Mahasiswa'!N6*3.00/100,'Nilai Mahasiswa'!Q6*3.00/100) | E6: =SUM('Nilai Mahasiswa'!E6*5.00/100,'Nilai Mahasiswa'!H6*4.00/100,'Nilai Mahasiswa'!J6*6.00/100,'Nilai Mahasiswa'!O6*3.00/100,'Nilai Mahasiswa'!R6*3.00/100,'Nilai Mahasiswa'!T6*4.00/100,'Nilai Mahasiswa'!V6*6.00/100,'Nilai Mahasiswa'!X6*4.00/100) | F6: =SUM('Nilai Mahasiswa'!F6*5.00/100,'Nilai Mahasiswa'!I6*4.00/100,'Nilai Mahasiswa'!P6*3.00/100,'Nilai Mahasiswa'!S6*3.00/100) | G6: =SUM('Nilai Mahasiswa'!K6*7.00/100,'Nilai Mahasiswa'!L6*4.00/100,'Nilai Mahasiswa'!M6*3.00/100,'Nilai Mahasiswa'!U6*6.00/100,'Nilai Mahasiswa'!W6*7.00/100,'Nilai Mahasiswa'!Y6*8.00/100) | H6: =SUM(D6:G6)
A7: 4 | B7: 10231007 | C7: Adonia Azarya Tamalonggehe | D7: =SUM('Nilai Mahasiswa'!D7*5.00/100,'Nilai Mahasiswa'!G7*4.00/100,'Nilai Mahasiswa'!N7*3.00/100,'Nilai Mahasiswa'!Q7*3.00/100) | E7: =SUM('Nilai Mahasiswa'!E7*5.00/100,'Nilai Mahasiswa'!H7*4.00/100,'Nilai Mahasiswa'!J7*6.00/100,'Nilai Mahasiswa'!O7*3.00/100,'Nilai Mahasiswa'!R7*3.00/100,'Nilai Mahasiswa'!T7*4.00/100,'Nilai Mahasiswa'!V7*6.00/100,'Nilai Mahasiswa'!X7*4.00/100) | F7: =SUM('Nilai Mahasiswa'!F7*5.00/100,'Nilai Mahasiswa'!I7*4.00/100,'Nilai Mahasiswa'!P7*3.00/100,'Nilai Mahasiswa'!S7*3.00/100) | G7: =SUM('Nilai Mahasiswa'!K7*7.00/100,'Nilai Mahasiswa'!L7*4.00/100,'Nilai Mahasiswa'!M7*3.00/100,'Nilai Mahasiswa'!U7*6.00/100,'Nilai Mahasiswa'!W7*7.00/100,'Nilai Mahasiswa'!Y7*8.00/100) | H7: =SUM(D7:G7)
A8: 5 | B8: 10231009 | C8: Alfian Fadillah Putra | D8: =SUM('Nilai Mahasiswa'!D8*5.00/100,'Nilai Mahasiswa'!G8*4.00/100,'Nilai Mahasiswa'!N8*3.00/100,'Nilai Mahasiswa'!Q8*3.00/100) | E8: =SUM('Nilai Mahasiswa'!E8*5.00/100,'Nilai Mahasiswa'!H8*4.00/100,'Nilai Mahasiswa'!J8*6.00/100,'Nilai Mahasiswa'!O8*3.00/100,'Nilai Mahasiswa'!R8*3.00/100,'Nilai Mahasiswa'!T8*4.00/100,'Nilai Mahasiswa'!V8*6.00/100,'Nilai Mahasiswa'!X8*4.00/100) | F8: =SUM('Nilai Mahasiswa'!F8*5.00/100,'Nilai Mahasiswa'!I8*4.00/100,'Nilai Mahasiswa'!P8*3.00/100,'Nilai Mahasiswa'!S8*3.00/100) | G8: =SUM('Nilai Mahasiswa'!K8*7.00/100,'Nilai Mahasiswa'!L8*4.00/100,'Nilai Mahasiswa'!M8*3.00/100,'Nilai Mahasiswa'!U8*6.00/100,'Nilai Mahasiswa'!W8*7.00/100,'Nilai Mahasiswa'!Y8*8.00/100) | H8: =SUM(D8:G8)
A9: 6 | B9: 10231011 | C9: Alsha Dwi Cahya | D9: =SUM('Nilai Mahasiswa'!D9*5.00/100,'Nilai Mahasiswa'!G9*4.00/100,'Nilai Mahasiswa'!N9*3.00/100,'Nilai Mahasiswa'!Q9*3.00/100) | E9: =SUM('Nilai Mahasiswa'!E9*5.00/100,'Nilai Mahasiswa'!H9*4.00/100,'Nilai Mahasiswa'!J9*6.00/100,'Nilai Mahasiswa'!O9*3.00/100,'Nilai Mahasiswa'!R9*3.00/100,'Nilai Mahasiswa'!T9*4.00/100,'Nilai Mahasiswa'!V9*6.00/100,'Nilai Mahasiswa'!X9*4.00/100) | F9: =SUM('Nilai Mahasiswa'!F9*5.00/100,'Nilai Mahasiswa'!I9*4.00/100,'Nilai Mahasiswa'!P9*3.00/100,'Nilai Mahasiswa'!S9*3.00/100) | G9: =SUM('Nilai Mahasiswa'!K9*7.00/100,'Nilai Mahasiswa'!L9*4.00/100,'Nilai Mahasiswa'!M9*3.00/100,'Nilai Mahasiswa'!U9*6.00/100,'Nilai Mahasiswa'!W9*7.00/100,'Nilai Mahasiswa'!Y9*8.00/100) | H9: =SUM(D9:G9)
A10: 7 | B10: 10231013 | C10: Amazia Devid Saputra | D10: =SUM('Nilai Mahasiswa'!D10*5.00/100,'Nilai Mahasiswa'!G10*4.00/100,'Nilai Mahasiswa'!N10*3.00/100,'Nilai Mahasiswa'!Q10*3.00/100) | E10: =SUM('Nilai Mahasiswa'!E10*5.00/100,'Nilai Mahasiswa'!H10*4.00/100,'Nilai Mahasiswa'!J10*6.00/100,'Nilai Mahasiswa'!O10*3.00/100,'Nilai Mahasiswa'!R10*3.00/100,'Nilai Mahasiswa'!T10*4.00/100,'Nilai Mahasiswa'!V10*6.00/100,'Nilai Mahasiswa'!X10*4.00/100) | F10: =SUM('Nilai Mahasiswa'!F10*5.00/100,'Nilai Mahasiswa'!I10*4.00/100,'Nilai Mahasiswa'!P10*3.00/100,'Nilai Mahasiswa'!S10*3.00/100) | G10: =SUM('Nilai Mahasiswa'!K10*7.00/100,'Nilai Mahasiswa'!L10*4.00/100,'Nilai Mahasiswa'!M10*3.00/100,'Nilai Mahasiswa'!U10*6.00/100,'Nilai Mahasiswa'!W10*7.00/100,'Nilai Mahasiswa'!Y10*8.00/100) | H10: =SUM(D10:G10)
A11: 8 | B11: 10231015 | C11: Andini Permata Sari | D11: =SUM('Nilai Mahasiswa'!D11*5.00/100,'Nilai Mahasiswa'!G11*4.00/100,'Nilai Mahasiswa'!N11*3.00/100,'Nilai Mahasiswa'!Q11*3.00/100) | E11: =SUM('Nilai Mahasiswa'!E11*5.00/100,'Nilai Mahasiswa'!H11*4.00/100,'Nilai Mahasiswa'!J11*6.00/100,'Nilai Mahasiswa'!O11*3.00/100,'Nilai Mahasiswa'!R11*3.00/100,'Nilai Mahasiswa'!T11*4.00/100,'Nilai Mahasiswa'!V11*6.00/100,'Nilai Mahasiswa'!X11*4.00/100) | F11: =SUM('Nilai Mahasiswa'!F11*5.00/100,'Nilai Mahasiswa'!I11*4.00/100,'Nilai Mahasiswa'!P11*3.00/100,'Nilai Mahasiswa'!S11*3.00/100) | G11: =SUM('Nilai Mahasiswa'!K11*7.00/100,'Nilai Mahasiswa'!L11*4.00/100,'Nilai Mahasiswa'!M11*3.00/100,'Nilai Mahasiswa'!U11*6.00/100,'Nilai Mahasiswa'!W11*7.00/100,'Nilai Mahasiswa'!Y11*8.00/100) | H11: =SUM(D11:G11)
A12: 9 | B12: 10231017 | C12: Ansellma Tita Pakartiwuri Putri | D12: =SUM('Nilai Mahasiswa'!D12*5.00/100,'Nilai Mahasiswa'!G12*4.00/100,'Nilai Mahasiswa'!N12*3.00/100,'Nilai Mahasiswa'!Q12*3.00/100) | E12: =SUM('Nilai Mahasiswa'!E12*5.00/100,'Nilai Mahasiswa'!H12*4.00/100,'Nilai Mahasiswa'!J12*6.00/100,'Nilai Mahasiswa'!O12*3.00/100,'Nilai Mahasiswa'!R12*3.00/100,'Nilai Mahasiswa'!T12*4.00/100,'Nilai Mahasiswa'!V12*6.00/100,'Nilai Mahasiswa'!X12*4.00/100) | F12: =SUM('Nilai Mahasiswa'!F12*5.00/100,'Nilai Mahasiswa'!I12*4.00/100,'Nilai Mahasiswa'!P12*3.00/100,'Nilai Mahasiswa'!S12*3.00/100) | G12: =SUM('Nilai Mahasiswa'!K12*7.00/100,'Nilai Mahasiswa'!L12*4.00/100,'Nilai Mahasiswa'!M12*3.00/100,'Nilai Mahasiswa'!U12*6.00/100,'Nilai Mahasiswa'!W12*7.00/100,'Nilai Mahasiswa'!Y12*8.00/100) | H12: =SUM(D12:G12)
A13: 10 | B13: 10231021 | C13: AVHILLA CATTON ANDALUCIA | D13: =SUM('Nilai Mahasiswa'!D13*5.00/100,'Nilai Mahasiswa'!G13*4.00/100,'Nilai Mahasiswa'!N13*3.00/100,'Nilai Mahasiswa'!Q13*3.00/100) | E13: =SUM('Nilai Mahasiswa'!E13*5.00/100,'Nilai Mahasiswa'!H13*4.00/100,'Nilai Mahasiswa'!J13*6.00/100,'Nilai Mahasiswa'!O13*3.00/100,'Nilai Mahasiswa'!R13*3.00/100,'Nilai Mahasiswa'!T13*4.00/100,'Nilai Mahasiswa'!V13*6.00/100,'Nilai Mahasiswa'!X13*4.00/100) | F13: =SUM('Nilai Mahasiswa'!F13*5.00/100,'Nilai Mahasiswa'!I13*4.00/100,'Nilai Mahasiswa'!P13*3.00/100,'Nilai Mahasiswa'!S13*3.00/100) | G13: =SUM('Nilai Mahasiswa'!K13*7.00/100,'Nilai Mahasiswa'!L13*4.00/100,'Nilai Mahasiswa'!M13*3.00/100,'Nilai Mahasiswa'!U13*6.00/100,'Nilai Mahasiswa'!W13*7.00/100,'Nilai Mahasiswa'!Y13*8.00/100) | H13: =SUM(D13:G13)
A14: 11 | B14: 10231023 | C14: Betran | D14: =SUM('Nilai Mahasiswa'!D14*5.00/100,'Nilai Mahasiswa'!G14*4.00/100,'Nilai Mahasiswa'!N14*3.00/100,'Nilai Mahasiswa'!Q14*3.00/100) | E14: =SUM('Nilai Mahasiswa'!E14*5.00/100,'Nilai Mahasiswa'!H14*4.00/100,'Nilai Mahasiswa'!J14*6.00/100,'Nilai Mahasiswa'!O14*3.00/100,'Nilai Mahasiswa'!R14*3.00/100,'Nilai Mahasiswa'!T14*4.00/100,'Nilai Mahasiswa'!V14*6.00/100,'Nilai Mahasiswa'!X14*4.00/100) | F14: =SUM('Nilai Mahasiswa'!F14*5.00/100,'Nilai Mahasiswa'!I14*4.00/100,'Nilai Mahasiswa'!P14*3.00/100,'Nilai Mahasiswa'!S14*3.00/100) | G14: =SUM('Nilai Mahasiswa'!K14*7.00/100,'Nilai Mahasiswa'!L14*4.00/100,'Nilai Mahasiswa'!M14*3.00/100,'Nilai Mahasiswa'!U14*6.00/100,'Nilai Mahasiswa'!W14*7.00/100,'Nilai Mahasiswa'!Y14*8.00/100) | H14: =SUM(D14:G14)
A15: 12 | B15: 10231025 | C15: Chelsy Olivia | D15: =SUM('Nilai Mahasiswa'!D15*5.00/100,'Nilai Mahasiswa'!G15*4.00/100,'Nilai Mahasiswa'!N15*3.00/100,'Nilai Mahasiswa'!Q15*3.00/100) | E15: =SUM('Nilai Mahasiswa'!E15*5.00/100,'Nilai Mahasiswa'!H15*4.00/100,'Nilai Mahasiswa'!J15*6.00/100,'Nilai Mahasiswa'!O15*3.00/100,'Nilai Mahasiswa'!R15*3.00/100,'Nilai Mahasiswa'!T15*4.00/100,'Nilai Mahasiswa'!V15*6.00/100,'Nilai Mahasiswa'!X15*4.00/100) | F15: =SUM('Nilai Mahasiswa'!F15*5.00/100,'Nilai Mahasiswa'!I15*4.00/100,'Nilai Mahasiswa'!P15*3.00/100,'Nilai Mahasiswa'!S15*3.00/100) | G15: =SUM('Nilai Mahasiswa'!K15*7.00/100,'Nilai Mahasiswa'!L15*4.00/100,'Nilai Mahasiswa'!M15*3.00/100,'Nilai Mahasiswa'!U15*6.00/100,'Nilai Mahasiswa'!W15*7.00/100,'Nilai Mahasiswa'!Y15*8.00/100) | H15: =SUM(D15:G15)
... A43: 40 | B43: 10231091 | C43: Yosan Pratiwi | D43: =SUM('Nilai Mahasiswa'!D43*5.00/100,'Nilai Mahasiswa'!G43*4.00/100,'Nilai Mahasiswa'!N43*3.00/100,'Nilai Mahasiswa'!Q43*3.00/100) | E43: =SUM('Nilai Mahasiswa'!E43*5.00/100,'Nilai Mahasiswa'!H43*4.00/100,'Nilai Mahasiswa'!J43*6.00/100,'Nilai Mahasiswa'!O43*3.00/100,'Nilai Mahasiswa'!R43*3.00/100,'Nilai Mahasiswa'!T43*4.00/100,'Nilai Mahasiswa'!V43*6.00/100,'Nilai Mahasiswa'!X43*4.00/100) | F43: =SUM('Nilai Mahasiswa'!F43*5.00/100,'Nilai Mahasiswa'!I43*4.00/100,'Nilai Mahasiswa'!P43*3.00/100,'Nilai Mahasiswa'!S43*3.00/100) | G43: =SUM('Nilai Mahasiswa'!K43*7.00/100,'Nilai Mahasiswa'!L43*4.00/100,'Nilai Mahasiswa'!M43*3.00/100,'Nilai Mahasiswa'!U43*6.00/100,'Nilai Mahasiswa'!W43*7.00/100,'Nilai Mahasiswa'!Y43*8.00/100) | H43: =SUM(D43:G43)
C44: RATA-RATA KELAS | D44: =AVERAGE(D4:D43) | E44: =AVERAGE(E4:E43) | F44: =AVERAGE(F4:F43) | G44: =AVERAGE(G4:G43) | H44: =AVERAGE(H4:H43)

Sheet Kategori Nilai
A1: RPS: Komputasi Awan - SI2514027 | Kelas: A
A2: No | B2: NIM | C2: Nama Mahasiswa | D2: Tes / Ujian (Quiz) (15%) | E2: Tugas (36%) | F2: Sikap dan Profesionalisme (15%) | G2: Proyek (20%) | H2: Tes / Ujian (UTS) (7%) | I2: Tes / Ujian (UAS) (7%) | J2: Total
A3: no | B3: nim | C3: nama_mahasiswa | D3: 15 | E3: 36 | F3: 15 | G3: 20 | H3: 7 | I3: 7 | J3: total
A4: 1 | B4: 10211048 | C4: Legi,Raymond Imanuel | D4: =SUM('Nilai Mahasiswa'!D4*5.00/100,'Nilai Mahasiswa'!G4*4.00/100,'Nilai Mahasiswa'!N4*3.00/100,'Nilai Mahasiswa'!Q4*3.00/100) | E4: =SUM('Nilai Mahasiswa'!E4*5.00/100,'Nilai Mahasiswa'!H4*4.00/100,'Nilai Mahasiswa'!L4*4.00/100,'Nilai Mahasiswa'!M4*3.00/100,'Nilai Mahasiswa'!O4*3.00/100,'Nilai Mahasiswa'!R4*3.00/100,'Nilai Mahasiswa'!U4*6.00/100,'Nilai Mahasiswa'!Y4*8.00/100) | F4: =SUM('Nilai Mahasiswa'!F4*5.00/100,'Nilai Mahasiswa'!I4*4.00/100,'Nilai Mahasiswa'!P4*3.00/100,'Nilai Mahasiswa'!S4*3.00/100) | G4: =SUM('Nilai Mahasiswa'!J4*6.00/100,'Nilai Mahasiswa'!T4*4.00/100,'Nilai Mahasiswa'!V4*6.00/100,'Nilai Mahasiswa'!X4*4.00/100) | H4: =SUM('Nilai Mahasiswa'!K4*7.00/100) | I4: =SUM('Nilai Mahasiswa'!W4*7.00/100) | J4: =SUM(D4:I4)
A5: 2 | B5: 10231003 | C5: Adam Ibnu ramadhan | D5: =SUM('Nilai Mahasiswa'!D5*5.00/100,'Nilai Mahasiswa'!G5*4.00/100,'Nilai Mahasiswa'!N5*3.00/100,'Nilai Mahasiswa'!Q5*3.00/100) | E5: =SUM('Nilai Mahasiswa'!E5*5.00/100,'Nilai Mahasiswa'!H5*4.00/100,'Nilai Mahasiswa'!L5*4.00/100,'Nilai Mahasiswa'!M5*3.00/100,'Nilai Mahasiswa'!O5*3.00/100,'Nilai Mahasiswa'!R5*3.00/100,'Nilai Mahasiswa'!U5*6.00/100,'Nilai Mahasiswa'!Y5*8.00/100) | F5: =SUM('Nilai Mahasiswa'!F5*5.00/100,'Nilai Mahasiswa'!I5*4.00/100,'Nilai Mahasiswa'!P5*3.00/100,'Nilai Mahasiswa'!S5*3.00/100) | G5: =SUM('Nilai Mahasiswa'!J5*6.00/100,'Nilai Mahasiswa'!T5*4.00/100,'Nilai Mahasiswa'!V5*6.00/100,'Nilai Mahasiswa'!X5*4.00/100) | H5: =SUM('Nilai Mahasiswa'!K5*7.00/100) | I5: =SUM('Nilai Mahasiswa'!W5*7.00/100) | J5: =SUM(D5:I5)
A6: 3 | B6: 10231005 | C6: Adhyasta firdaus | D6: =SUM('Nilai Mahasiswa'!D6*5.00/100,'Nilai Mahasiswa'!G6*4.00/100,'Nilai Mahasiswa'!N6*3.00/100,'Nilai Mahasiswa'!Q6*3.00/100) | E6: =SUM('Nilai Mahasiswa'!E6*5.00/100,'Nilai Mahasiswa'!H6*4.00/100,'Nilai Mahasiswa'!L6*4.00/100,'Nilai Mahasiswa'!M6*3.00/100,'Nilai Mahasiswa'!O6*3.00/100,'Nilai Mahasiswa'!R6*3.00/100,'Nilai Mahasiswa'!U6*6.00/100,'Nilai Mahasiswa'!Y6*8.00/100) | F6: =SUM('Nilai Mahasiswa'!F6*5.00/100,'Nilai Mahasiswa'!I6*4.00/100,'Nilai Mahasiswa'!P6*3.00/100,'Nilai Mahasiswa'!S6*3.00/100) | G6: =SUM('Nilai Mahasiswa'!J6*6.00/100,'Nilai Mahasiswa'!T6*4.00/100,'Nilai Mahasiswa'!V6*6.00/100,'Nilai Mahasiswa'!X6*4.00/100) | H6: =SUM('Nilai Mahasiswa'!K6*7.00/100) | I6: =SUM('Nilai Mahasiswa'!W6*7.00/100) | J6: =SUM(D6:I6)
A7: 4 | B7: 10231007 | C7: Adonia Azarya Tamalonggehe | D7: =SUM('Nilai Mahasiswa'!D7*5.00/100,'Nilai Mahasiswa'!G7*4.00/100,'Nilai Mahasiswa'!N7*3.00/100,'Nilai Mahasiswa'!Q7*3.00/100) | E7: =SUM('Nilai Mahasiswa'!E7*5.00/100,'Nilai Mahasiswa'!H7*4.00/100,'Nilai Mahasiswa'!L7*4.00/100,'Nilai Mahasiswa'!M7*3.00/100,'Nilai Mahasiswa'!O7*3.00/100,'Nilai Mahasiswa'!R7*3.00/100,'Nilai Mahasiswa'!U7*6.00/100,'Nilai Mahasiswa'!Y7*8.00/100) | F7: =SUM('Nilai Mahasiswa'!F7*5.00/100,'Nilai Mahasiswa'!I7*4.00/100,'Nilai Mahasiswa'!P7*3.00/100,'Nilai Mahasiswa'!S7*3.00/100) | G7: =SUM('Nilai Mahasiswa'!J7*6.00/100,'Nilai Mahasiswa'!T7*4.00/100,'Nilai Mahasiswa'!V7*6.00/100,'Nilai Mahasiswa'!X7*4.00/100) | H7: =SUM('Nilai Mahasiswa'!K7*7.00/100) | I7: =SUM('Nilai Mahasiswa'!W7*7.00/100) | J7: =SUM(D7:I7)
A8: 5 | B8: 10231009 | C8: Alfian Fadillah Putra | D8: =SUM('Nilai Mahasiswa'!D8*5.00/100,'Nilai Mahasiswa'!G8*4.00/100,'Nilai Mahasiswa'!N8*3.00/100,'Nilai Mahasiswa'!Q8*3.00/100) | E8: =SUM('Nilai Mahasiswa'!E8*5.00/100,'Nilai Mahasiswa'!H8*4.00/100,'Nilai Mahasiswa'!L8*4.00/100,'Nilai Mahasiswa'!M8*3.00/100,'Nilai Mahasiswa'!O8*3.00/100,'Nilai Mahasiswa'!R8*3.00/100,'Nilai Mahasiswa'!U8*6.00/100,'Nilai Mahasiswa'!Y8*8.00/100) | F8: =SUM('Nilai Mahasiswa'!F8*5.00/100,'Nilai Mahasiswa'!I8*4.00/100,'Nilai Mahasiswa'!P8*3.00/100,'Nilai Mahasiswa'!S8*3.00/100) | G8: =SUM('Nilai Mahasiswa'!J8*6.00/100,'Nilai Mahasiswa'!T8*4.00/100,'Nilai Mahasiswa'!V8*6.00/100,'Nilai Mahasiswa'!X8*4.00/100) | H8: =SUM('Nilai Mahasiswa'!K8*7.00/100) | I8: =SUM('Nilai Mahasiswa'!W8*7.00/100) | J8: =SUM(D8:I8)
A9: 6 | B9: 10231011 | C9: Alsha Dwi Cahya | D9: =SUM('Nilai Mahasiswa'!D9*5.00/100,'Nilai Mahasiswa'!G9*4.00/100,'Nilai Mahasiswa'!N9*3.00/100,'Nilai Mahasiswa'!Q9*3.00/100) | E9: =SUM('Nilai Mahasiswa'!E9*5.00/100,'Nilai Mahasiswa'!H9*4.00/100,'Nilai Mahasiswa'!L9*4.00/100,'Nilai Mahasiswa'!M9*3.00/100,'Nilai Mahasiswa'!O9*3.00/100,'Nilai Mahasiswa'!R9*3.00/100,'Nilai Mahasiswa'!U9*6.00/100,'Nilai Mahasiswa'!Y9*8.00/100) | F9: =SUM('Nilai Mahasiswa'!F9*5.00/100,'Nilai Mahasiswa'!I9*4.00/100,'Nilai Mahasiswa'!P9*3.00/100,'Nilai Mahasiswa'!S9*3.00/100) | G9: =SUM('Nilai Mahasiswa'!J9*6.00/100,'Nilai Mahasiswa'!T9*4.00/100,'Nilai Mahasiswa'!V9*6.00/100,'Nilai Mahasiswa'!X9*4.00/100) | H9: =SUM('Nilai Mahasiswa'!K9*7.00/100) | I9: =SUM('Nilai Mahasiswa'!W9*7.00/100) | J9: =SUM(D9:I9)
A10: 7 | B10: 10231013 | C10: Amazia Devid Saputra | D10: =SUM('Nilai Mahasiswa'!D10*5.00/100,'Nilai Mahasiswa'!G10*4.00/100,'Nilai Mahasiswa'!N10*3.00/100,'Nilai Mahasiswa'!Q10*3.00/100) | E10: =SUM('Nilai Mahasiswa'!E10*5.00/100,'Nilai Mahasiswa'!H10*4.00/100,'Nilai Mahasiswa'!L10*4.00/100,'Nilai Mahasiswa'!M10*3.00/100,'Nilai Mahasiswa'!O10*3.00/100,'Nilai Mahasiswa'!R10*3.00/100,'Nilai Mahasiswa'!U10*6.00/100,'Nilai Mahasiswa'!Y10*8.00/100) | F10: =SUM('Nilai Mahasiswa'!F10*5.00/100,'Nilai Mahasiswa'!I10*4.00/100,'Nilai Mahasiswa'!P10*3.00/100,'Nilai Mahasiswa'!S10*3.00/100) | G10: =SUM('Nilai Mahasiswa'!J10*6.00/100,'Nilai Mahasiswa'!T10*4.00/100,'Nilai Mahasiswa'!V10*6.00/100,'Nilai Mahasiswa'!X10*4.00/100) | H10: =SUM('Nilai Mahasiswa'!K10*7.00/100) | I10: =SUM('Nilai Mahasiswa'!W10*7.00/100) | J10: =SUM(D10:I10)
A11: 8 | B11: 10231015 | C11: Andini Permata Sari | D11: =SUM('Nilai Mahasiswa'!D11*5.00/100,'Nilai Mahasiswa'!G11*4.00/100,'Nilai Mahasiswa'!N11*3.00/100,'Nilai Mahasiswa'!Q11*3.00/100) | E11: =SUM('Nilai Mahasiswa'!E11*5.00/100,'Nilai Mahasiswa'!H11*4.00/100,'Nilai Mahasiswa'!L11*4.00/100,'Nilai Mahasiswa'!M11*3.00/100,'Nilai Mahasiswa'!O11*3.00/100,'Nilai Mahasiswa'!R11*3.00/100,'Nilai Mahasiswa'!U11*6.00/100,'Nilai Mahasiswa'!Y11*8.00/100) | F11: =SUM('Nilai Mahasiswa'!F11*5.00/100,'Nilai Mahasiswa'!I11*4.00/100,'Nilai Mahasiswa'!P11*3.00/100,'Nilai Mahasiswa'!S11*3.00/100) | G11: =SUM('Nilai Mahasiswa'!J11*6.00/100,'Nilai Mahasiswa'!T11*4.00/100,'Nilai Mahasiswa'!V11*6.00/100,'Nilai Mahasiswa'!X11*4.00/100) | H11: =SUM('Nilai Mahasiswa'!K11*7.00/100) | I11: =SUM('Nilai Mahasiswa'!W11*7.00/100) | J11: =SUM(D11:I11)
A12: 9 | B12: 10231017 | C12: Ansellma Tita Pakartiwuri Putri | D12: =SUM('Nilai Mahasiswa'!D12*5.00/100,'Nilai Mahasiswa'!G12*4.00/100,'Nilai Mahasiswa'!N12*3.00/100,'Nilai Mahasiswa'!Q12*3.00/100) | E12: =SUM('Nilai Mahasiswa'!E12*5.00/100,'Nilai Mahasiswa'!H12*4.00/100,'Nilai Mahasiswa'!L12*4.00/100,'Nilai Mahasiswa'!M12*3.00/100,'Nilai Mahasiswa'!O12*3.00/100,'Nilai Mahasiswa'!R12*3.00/100,'Nilai Mahasiswa'!U12*6.00/100,'Nilai Mahasiswa'!Y12*8.00/100) | F12: =SUM('Nilai Mahasiswa'!F12*5.00/100,'Nilai Mahasiswa'!I12*4.00/100,'Nilai Mahasiswa'!P12*3.00/100,'Nilai Mahasiswa'!S12*3.00/100) | G12: =SUM('Nilai Mahasiswa'!J12*6.00/100,'Nilai Mahasiswa'!T12*4.00/100,'Nilai Mahasiswa'!V12*6.00/100,'Nilai Mahasiswa'!X12*4.00/100) | H12: =SUM('Nilai Mahasiswa'!K12*7.00/100) | I12: =SUM('Nilai Mahasiswa'!W12*7.00/100) | J12: =SUM(D12:I12)
A13: 10 | B13: 10231021 | C13: AVHILLA CATTON ANDALUCIA | D13: =SUM('Nilai Mahasiswa'!D13*5.00/100,'Nilai Mahasiswa'!G13*4.00/100,'Nilai Mahasiswa'!N13*3.00/100,'Nilai Mahasiswa'!Q13*3.00/100) | E13: =SUM('Nilai Mahasiswa'!E13*5.00/100,'Nilai Mahasiswa'!H13*4.00/100,'Nilai Mahasiswa'!L13*4.00/100,'Nilai Mahasiswa'!M13*3.00/100,'Nilai Mahasiswa'!O13*3.00/100,'Nilai Mahasiswa'!R13*3.00/100,'Nilai Mahasiswa'!U13*6.00/100,'Nilai Mahasiswa'!Y13*8.00/100) | F13: =SUM('Nilai Mahasiswa'!F13*5.00/100,'Nilai Mahasiswa'!I13*4.00/100,'Nilai Mahasiswa'!P13*3.00/100,'Nilai Mahasiswa'!S13*3.00/100) | G13: =SUM('Nilai Mahasiswa'!J13*6.00/100,'Nilai Mahasiswa'!T13*4.00/100,'Nilai Mahasiswa'!V13*6.00/100,'Nilai Mahasiswa'!X13*4.00/100) | H13: =SUM('Nilai Mahasiswa'!K13*7.00/100) | I13: =SUM('Nilai Mahasiswa'!W13*7.00/100) | J13: =SUM(D13:I13)
A14: 11 | B14: 10231023 | C14: Betran | D14: =SUM('Nilai Mahasiswa'!D14*5.00/100,'Nilai Mahasiswa'!G14*4.00/100,'Nilai Mahasiswa'!N14*3.00/100,'Nilai Mahasiswa'!Q14*3.00/100) | E14: =SUM('Nilai Mahasiswa'!E14*5.00/100,'Nilai Mahasiswa'!H14*4.00/100,'Nilai Mahasiswa'!L14*4.00/100,'Nilai Mahasiswa'!M14*3.00/100,'Nilai Mahasiswa'!O14*3.00/100,'Nilai Mahasiswa'!R14*3.00/100,'Nilai Mahasiswa'!U14*6.00/100,'Nilai Mahasiswa'!Y14*8.00/100) | F14: =SUM('Nilai Mahasiswa'!F14*5.00/100,'Nilai Mahasiswa'!I14*4.00/100,'Nilai Mahasiswa'!P14*3.00/100,'Nilai Mahasiswa'!S14*3.00/100) | G14: =SUM('Nilai Mahasiswa'!J14*6.00/100,'Nilai Mahasiswa'!T14*4.00/100,'Nilai Mahasiswa'!V14*6.00/100,'Nilai Mahasiswa'!X14*4.00/100) | H14: =SUM('Nilai Mahasiswa'!K14*7.00/100) | I14: =SUM('Nilai Mahasiswa'!W14*7.00/100) | J14: =SUM(D14:I14)
A15: 12 | B15: 10231025 | C15: Chelsy Olivia | D15: =SUM('Nilai Mahasiswa'!D15*5.00/100,'Nilai Mahasiswa'!G15*4.00/100,'Nilai Mahasiswa'!N15*3.00/100,'Nilai Mahasiswa'!Q15*3.00/100) | E15: =SUM('Nilai Mahasiswa'!E15*5.00/100,'Nilai Mahasiswa'!H15*4.00/100,'Nilai Mahasiswa'!L15*4.00/100,'Nilai Mahasiswa'!M15*3.00/100,'Nilai Mahasiswa'!O15*3.00/100,'Nilai Mahasiswa'!R15*3.00/100,'Nilai Mahasiswa'!U15*6.00/100,'Nilai Mahasiswa'!Y15*8.00/100) | F15: =SUM('Nilai Mahasiswa'!F15*5.00/100,'Nilai Mahasiswa'!I15*4.00/100,'Nilai Mahasiswa'!P15*3.00/100,'Nilai Mahasiswa'!S15*3.00/100) | G15: =SUM('Nilai Mahasiswa'!J15*6.00/100,'Nilai Mahasiswa'!T15*4.00/100,'Nilai Mahasiswa'!V15*6.00/100,'Nilai Mahasiswa'!X15*4.00/100) | H15: =SUM('Nilai Mahasiswa'!K15*7.00/100) | I15: =SUM('Nilai Mahasiswa'!W15*7.00/100) | J15: =SUM(D15:I15)
... A43: 40 | B43: 10231091 | C43: Yosan Pratiwi | D43: =SUM('Nilai Mahasiswa'!D43*5.00/100,'Nilai Mahasiswa'!G43*4.00/100,'Nilai Mahasiswa'!N43*3.00/100,'Nilai Mahasiswa'!Q43*3.00/100) | E43: =SUM('Nilai Mahasiswa'!E43*5.00/100,'Nilai Mahasiswa'!H43*4.00/100,'Nilai Mahasiswa'!L43*4.00/100,'Nilai Mahasiswa'!M43*3.00/100,'Nilai Mahasiswa'!O43*3.00/100,'Nilai Mahasiswa'!R43*3.00/100,'Nilai Mahasiswa'!U43*6.00/100,'Nilai Mahasiswa'!Y43*8.00/100) | F43: =SUM('Nilai Mahasiswa'!F43*5.00/100,'Nilai Mahasiswa'!I43*4.00/100,'Nilai Mahasiswa'!P43*3.00/100,'Nilai Mahasiswa'!S43*3.00/100) | G43: =SUM('Nilai Mahasiswa'!J43*6.00/100,'Nilai Mahasiswa'!T43*4.00/100,'Nilai Mahasiswa'!V43*6.00/100,'Nilai Mahasiswa'!X43*4.00/100) | H43: =SUM('Nilai Mahasiswa'!K43*7.00/100) | I43: =SUM('Nilai Mahasiswa'!W43*7.00/100) | J43: =SUM(D43:I43)
C44: RATA-RATA KELAS | D44: =AVERAGE(D4:D43) | E44: =AVERAGE(E4:E43) | F44: =AVERAGE(F4:F43) | G44: =AVERAGE(G4:G43) | H44: =AVERAGE(H4:H43) | I44: =AVERAGE(I4:I43) | J44: =AVERAGE(J4:J43)
